time,tmp,pre,runoff
1901-01-16,-2.4804814,7.5877,4130.0
1901-02-15,-0.7243314,8.466578,4010.0
1901-03-16,3.512834,16.990643,3720.0
1901-04-16,8.03155,51.69813,5670.0
1901-05-16,11.970322,68.76231,8650.0
1901-06-16,14.615775,143.56123,17500.0
1901-07-16,16.63877,169.79012,39800.0
1901-08-16,16.266579,103.97808,21700.0
1901-09-16,13.085562,114.64386,23300.0
1901-10-16,8.49091,56.559628,17800.0
1901-11-16,2.7796793,26.129145,9160.0
1901-12-16,-1.3382354,3.8721926,5530.0
1902-01-16,-2.393583,10.46417,4030.0
1902-02-15,-0.76898396,17.455883,4040.0
1902-03-16,3.6684492,19.17968,3790.0
1902-04-16,7.5245986,39.771122,4470.0
1902-05-16,11.99305,84.65883,8270.0
1902-06-16,14.124332,134.45775,14400.0
1902-07-16,16.463903,124.42968,25000.0
1902-08-16,16.0123,114.05294,32200.0
1902-09-16,12.917113,113.20963,29500.0
1902-10-16,8.064974,68.6377,20200.0
1902-11-16,2.5946524,21.877808,10700.0
1902-12-16,-1.618449,7.952674,5970.0
1903-01-16,-2.9114978,10.2614975,4450.0
1903-02-15,-0.8540107,12.982352,3890.0
1903-03-16,3.2799468,25.250805,5100.0
1903-04-16,8.105348,51.890644,7620.0
1903-05-16,11.759893,92.71739,11500.0
1903-06-16,14.356418,160.03958,21600.0
1903-07-16,16.71337,191.46231,30700.0
1903-08-16,15.950267,174.3369,30300.0
1903-09-16,13.158022,136.15321,29700.0
1903-10-16,8.795187,64.98663,20400.0
1903-11-16,2.8959897,17.490108,12100.0
1903-12-16,-1.3885025,5.5302134,6330.0
1904-01-16,-2.7393048,10.859359,4330.0
1904-02-15,-0.68475944,11.77246,4350.0
1904-03-16,3.3772726,31.568184,5310.0
1904-04-16,7.6486635,57.683697,8340.0
1904-05-16,11.652676,83.487175,14200.0
1904-06-16,14.620053,125.53263,17200.0
1904-07-16,16.523798,137.73343,27100.0
1904-08-16,16.136095,144.92593,27400.0
1904-09-16,13.09492,109.56071,30200.0
1904-10-16,8.530214,66.79546,22000.0
1904-11-16,2.5128343,15.905348,11400.0
1904-12-16,-1.6911764,13.282353,6180.0
1905-01-16,-2.885294,9.090909,4700.0
1905-02-15,-1.2652407,10.029679,4100.0
1905-03-16,2.4371657,23.14171,5380.0
1905-04-16,6.958289,39.70615,7460.0
1905-05-16,11.65107,76.18369,10900.0
1905-06-16,14.962834,137.84065,19100.0
1905-07-16,16.608288,123.97914,25400.0
1905-08-16,15.579679,161.46658,38900.0
1905-09-16,13.138234,146.48691,35800.0
1905-10-16,8.435027,79.55134,25700.0
1905-11-16,2.898663,29.53021,13400.0
1905-12-16,-1.4328879,11.794652,7310.0
1906-01-16,-2.673262,6.961765,6220.0
1906-02-15,-1.3943852,9.6877,4640.0
1906-03-16,2.975134,22.6746,4850.0
1906-04-16,7.627273,51.11444,8190.0
1906-05-16,11.745989,71.465515,13800.0
1906-06-16,14.435561,132.1508,24700.0
1906-07-16,16.760963,164.5532,27600.0
1906-08-16,15.517112,164.64946,31400.0
1906-09-16,13.296524,90.90348,23100.0
1906-10-16,8.43369,67.24011,18600.0
1906-11-16,2.5743313,19.61123,8780.0
1906-12-16,-1.2114973,7.685561,5440.0
1907-01-16,-2.0018716,10.683957,3970.0
1907-02-15,-1.1679145,9.280748,4000.0
1907-03-16,2.658289,17.254011,3920.0
1907-04-16,7.4751334,50.785564,6680.0
1907-05-16,11.823529,71.87914,8920.0
1907-06-16,14.207756,152.87085,16200.0
1907-07-16,15.911763,139.66042,29400.0
1907-08-16,16.416311,166.89574,32300.0
1907-09-16,12.763637,160.51872,38700.0
1907-10-16,8.622727,86.989845,33000.0
1907-11-16,2.8211234,21.898932,12200.0
1907-12-16,-1.1556153,7.6379676,6380.0
1908-01-16,-2.4919782,9.319786,4330.0
1908-02-15,-0.7679144,10.035295,4780.0
1908-03-16,3.5478613,17.916845,4500.0
1908-04-16,8.104279,49.933693,8100.0
1908-05-16,11.854011,68.72086,9010.0
1908-06-16,14.71123,148.36551,20000.0
1908-07-16,16.349197,152.46817,34300.0
1908-08-16,16.394117,123.45989,17600.0
1908-09-16,13.006952,101.009094,19500.0
1908-10-16,8.398931,55.88663,17800.0
1908-11-16,2.6639035,41.06604,14600.0
1908-12-16,-1.2473267,5.414706,5370.0
1909-01-16,-2.8783422,6.404278,3870.0
1909-02-15,-0.58930486,7.7227273,3510.0
1909-03-16,3.7304819,17.66016,3400.0
1909-04-16,8.016578,46.33369,4350.0
1909-05-16,11.578609,79.81258,9280.0
1909-06-16,14.036632,191.26897,19900.0
1909-07-16,16.519518,175.94357,41400.0
1909-08-16,16.0623,149.41257,30000.0
1909-09-16,13.681552,138.56284,21100.0
1909-10-16,8.811231,76.18369,23300.0
1909-11-16,3.5350268,18.585028,9920.0
1909-12-16,-1.2748663,7.4577537,5610.0
1910-01-16,-2.7125669,9.062299,4380.0
1910-02-15,-0.82673824,12.729946,3780.0
1910-03-16,3.1425135,17.47353,4460.0
1910-04-16,7.4772725,41.858826,6950.0
1910-05-16,11.774063,81.01631,13200.0
1910-06-16,14.108555,121.504814,16200.0
1910-07-16,16.186632,154.2671,23400.0
1910-08-16,16.085829,130.89786,25100.0
1910-09-16,13.112033,118.401886,29400.0
1910-10-16,8.445991,82.7976,21400.0
1910-11-16,2.848396,22.827806,12800.0
1910-12-16,-1.6564171,12.356952,6520.0
1911-01-16,-2.3606954,5.752406,4290.0
1911-02-15,-1.0834225,14.117647,4720.0
1911-03-16,3.090909,19.271658,5140.0
1911-04-16,7.9454546,48.928078,8100.0
1911-05-16,11.450001,104.45321,15600.0
1911-06-16,14.205081,167.99332,27200.0
1911-07-16,16.283958,127.59384,35600.0
1911-08-16,15.933959,159.82996,34400.0
1911-09-16,13.24305,103.85589,23200.0
1911-10-16,8.280214,81.39465,25200.0
1911-11-16,2.6104279,28.68235,15200.0
1911-12-16,-1.8401073,9.728342,7600.0
1912-01-16,-2.5454545,8.217915,5340.0
1912-02-15,-0.31363624,12.356952,4730.0
1912-03-16,2.9181817,22.65909,5460.0
1912-04-16,7.552674,50.900536,7890.0
1912-05-16,12.009893,81.36819,11700.0
1912-06-16,14.649465,145.51845,19200.0
1912-07-16,16.26016,157.23529,32300.0
1912-08-16,15.910428,115.958015,28600.0
1912-09-16,12.881284,102.460434,16800.0
1912-10-16,8.234225,50.823536,13500.0
1912-11-16,2.5259361,27.939573,7960.0
1912-12-16,-1.6411762,10.86123,5260.0
1913-01-16,-2.4481282,8.185829,4520.0
1913-02-15,-0.4978611,11.005883,3760.0
1913-03-16,2.8855615,28.751608,4670.0
1913-04-16,7.366043,51.5492,8130.0
1913-05-16,11.23877,84.06658,11900.0
1913-06-16,14.367379,122.00749,20600.0
1913-07-16,16.280483,172.31847,29300.0
1913-08-16,16.274332,155.4385,28100.0
1913-09-16,13.069786,105.91123,25700.0
1913-10-16,8.633423,66.294914,20900.0
1913-11-16,2.4213903,27.18663,10500.0
1913-12-16,-1.8141711,13.872994,6200.0
1914-01-16,-1.9754012,5.24492,4440.0
1914-02-15,-0.49010724,14.061498,4100.0
1914-03-16,3.6256685,19.500267,4480.0
1914-04-16,7.3962574,44.80936,5890.0
1914-05-16,11.690107,88.60241,12100.0
1914-06-16,14.873263,142.28343,16900.0
1914-07-16,16.971123,131.10776,17400.0
1914-08-16,15.721391,146.25188,30800.0
1914-09-16,12.780748,92.887436,20700.0
1914-10-16,8.061231,65.123,18800.0
1914-11-16,2.6858292,17.150803,9940.0
1914-12-16,-1.1147059,9.368449,5910.0
1915-01-16,-2.1655078,5.5387692,4490.0
1915-02-15,-0.5224599,7.6943855,3590.0
1915-03-16,3.5109627,15.973264,3240.0
1915-04-16,7.818182,37.90187,5770.0
1915-05-16,11.786363,72.91925,10900.0
1915-06-16,14.195454,139.37273,13600.0
1915-07-16,16.104813,166.24973,23800.0
1915-08-16,15.786364,172.10936,32100.0
1915-09-16,12.75615,202.2893,30200.0
1915-10-16,9.281284,79.375404,19700.0
1915-11-16,3.5013368,18.250534,10300.0
1915-12-16,-0.66844904,8.27754,5940.0
1916-01-16,-2.563904,14.2601595,4610.0
1916-02-15,-0.57326204,12.625401,4290.0
1916-03-16,3.5737967,28.098663,4530.0
1916-04-16,7.8657756,78.348404,9530.0
1916-05-16,12.021658,84.141716,17700.0
1916-06-16,14.850801,135.6238,13400.0
1916-07-16,16.176737,218.94548,26900.0
1916-08-16,16.29278,112.44037,23800.0
1916-09-16,13.403744,142.36899,23500.0
1916-10-16,8.308289,77.916306,21900.0
1916-11-16,3.2270055,22.193312,15100.0
1916-12-16,-1.5363638,9.443315,6630.0
1917-01-16,-3.1866312,4.781017,4520.0
1917-02-15,-0.9933157,16.701605,3950.0
1917-03-16,3.0679145,20.930748,4870.0
1917-04-16,7.445188,54.140373,8110.0
1917-05-16,11.935829,71.29787,11900.0
1917-06-16,14.592246,187.10161,24100.0
1917-07-16,16.593048,203.26044,37100.0
1917-08-16,16.349464,120.19519,29800.0
1917-09-16,13.270589,101.27674,26100.0
1917-10-16,8.6935835,71.025406,23000.0
1917-11-16,3.2655082,17.084227,13200.0
1917-12-16,-1.6994652,5.41738,6430.0
1918-01-16,-2.915775,5.023797,4400.0
1918-02-15,-0.73770076,10.459358,4150.0
1918-03-16,3.4101605,21.586098,5000.0
1918-04-16,7.6385036,58.916046,9580.0
1918-05-16,12.056417,132.79253,14000.0
1918-06-16,14.065776,128.12808,23800.0
1918-07-16,16.401339,132.19252,26100.0
1918-08-16,15.963102,179.31848,33200.0
1918-09-16,13.275135,141.67621,34100.0
1918-10-16,8.753744,42.26417,20900.0
1918-11-16,2.6104283,21.888235,10700.0
1918-12-16,-1.4922463,12.399199,7540.0
1919-01-16,-2.3491976,4.233958,5250.0
1919-02-15,-0.56390375,11.603743,4590.0
1919-03-16,4.3997326,17.243849,4630.0
1919-04-16,8.335562,53.3476,6180.0
1919-05-16,12.293851,121.76337,8650.0
1919-06-16,14.846256,143.03128,19900.0
1919-07-16,16.475668,162.63263,36800.0
1919-08-16,16.9377,131.11818,25100.0
1919-09-16,12.710428,109.555084,19800.0
1919-10-16,8.341711,52.841446,17900.0
1919-11-16,3.2090912,22.352406,9450.0
1919-12-16,-1.2040106,5.2256684,5800.0
1920-01-16,-1.8323528,9.20615,4190.0
1920-02-15,-1.3609625,11.789841,3750.0
1920-03-16,3.1053476,38.604546,5430.0
1920-04-16,7.592246,37.29465,7300.0
1920-05-16,11.620321,85.38315,14500.0
1920-06-16,14.531284,164.50534,17900.0
1920-07-16,17.090374,154.6853,37500.0
1920-08-16,16.11738,140.45215,30900.0
1920-09-16,13.346256,132.08717,30600.0
1920-10-16,8.7377,72.796524,24700.0
1920-11-16,3.423797,25.857754,10700.0
1920-12-16,-0.7967914,6.321657,6920.0
1921-01-16,-2.230749,7.575669,4680.0
1921-02-15,-0.51577556,8.96417,4360.0
1921-03-16,3.4903743,27.938774,5380.0
1921-04-16,8.525133,50.354015,6720.0
1921-05-16,12.054546,108.84171,15200.0
1921-06-16,14.62647,156.90668,22500.0
1921-07-16,16.779411,178.35616,42700.0
1921-08-16,16.456417,174.18718,33700.0
1921-09-16,12.863101,133.71445,33900.0
1921-10-16,7.9930477,61.402943,24500.0
1921-11-16,2.9794116,14.32246,10400.0
1921-12-16,-0.754278,7.7852945,6320.0
1922-01-16,-2.3056147,3.8002675,4650.0
1922-02-15,0.535829,7.803476,3910.0
1922-03-16,3.8938503,31.13262,3910.0
1922-04-16,8.406417,50.022194,7290.0
1922-05-16,12.669518,83.36604,11800.0
1922-06-16,14.584493,155.73343,17600.0
1922-07-16,17.0123,185.37863,35500.0
1922-08-16,16.579948,167.06711,49200.0
1922-09-16,13.476205,107.26792,23400.0
1922-10-16,8.705882,63.969524,14600.0
1922-11-16,3.0016046,15.877809,9100.0
1922-12-16,-1.2620319,9.021123,4850.0
1923-01-16,-1.87754,5.264171,3800.0
1923-02-15,-0.91657776,10.152674,3580.0
1923-03-16,5.31123,18.739038,3700.0
1923-04-16,8.38476,50.712837,6940.0
1923-05-16,12.140376,91.614975,13100.0
1923-06-16,14.590641,127.127266,18600.0
1923-07-16,16.73075,167.21364,40400.0
1923-08-16,16.81337,128.09732,21900.0
1923-09-16,13.431284,116.6353,24500.0
1923-10-16,8.728342,52.454544,15100.0
1923-11-16,3.814706,15.274065,8200.0
1923-12-16,-0.6751337,10.535829,4890.0
1924-01-16,-1.601337,8.638235,3870.0
1924-02-15,-0.45989305,10.074598,3480.0
1924-03-16,3.4855614,21.140375,3440.0
1924-04-16,8.787434,58.98075,5720.0
1924-05-16,12.075669,82.510704,11300.0
1924-06-16,14.992514,158.76578,16500.0
1924-07-16,16.575401,194.85962,32400.0
1924-08-16,16.67032,131.30562,32800.0
1924-09-16,13.589038,97.07219,21500.0
1924-10-16,8.815508,59.940376,17700.0
1924-11-16,3.05615,13.72968,7900.0
1924-12-16,-0.46363622,5.678609,4950.0
1925-01-16,-3.5235293,14.288236,4200.0
1925-02-15,-1.551604,15.472995,3970.0
1925-03-16,3.8802137,28.943584,4820.0
1925-04-16,7.044386,49.690914,5640.0
1925-05-16,11.779411,69.82166,12800.0
1925-06-16,15.329412,147.33717,14900.0
1925-07-16,17.23182,142.27701,22500.0
1925-08-16,16.35321,164.59117,28400.0
1925-09-16,13.3299465,126.35802,30700.0
1925-10-16,8.545722,73.16177,21700.0
1925-11-16,3.5671124,28.280216,14200.0
1925-12-16,-1.0708556,7.7339573,6440.0
1926-01-16,-1.3286098,9.681551,4710.0
1926-02-15,-0.3609627,15.169786,4360.0
1926-03-16,3.4810162,34.14278,5010.0
1926-04-16,8.059894,47.38583,7450.0
1926-05-16,12.685026,94.45802,13000.0
1926-06-16,14.508021,130.56631,23000.0
1926-07-16,16.619518,162.62193,38600.0
1926-08-16,17.190643,155.2615,39200.0
1926-09-16,14.16337,103.95027,18100.0
1926-10-16,8.871924,63.379147,20900.0
1926-11-16,3.1347594,26.37326,9880.0
1926-12-16,-0.9695189,10.57032,7010.0
1927-01-16,-1.8770053,8.973529,4680.0
1927-02-15,-1.1582886,13.38075,4090.0
1927-03-16,2.985294,25.800535,4280.0
1927-04-16,7.593583,62.993317,8850.0
1927-05-16,12.021392,77.737434,11900.0
1927-06-16,15.435295,152.90054,24200.0
1927-07-16,17.550268,143.45027,28700.0
1927-08-16,16.774868,122.42781,21700.0
1927-09-16,13.555615,128.16551,20200.0
1927-10-16,9.194118,54.67754,17200.0
1927-11-16,3.4419792,22.65107,8720.0
1927-12-16,-0.044919673,12.282888,5400.0
1928-01-16,-1.5751337,8.793049,3700.0
1928-02-15,0.21951862,15.9446535,3440.0
1928-03-16,4.8885026,25.938238,4170.0
1928-04-16,9.3,46.02941,4850.0
1928-05-16,12.598396,88.41284,8640.0
1928-06-16,14.519518,133.34119,17800.0
1928-07-16,17.59091,158.12273,18300.0
1928-08-16,16.43797,166.53288,35100.0
1928-09-16,13.827807,118.410164,21200.0
1928-10-16,8.007219,65.98503,19200.0
1928-11-16,2.5879679,14.036632,10100.0
1928-12-16,-0.9050803,7.6639037,5550.0
1929-01-16,-2.1588235,9.949197,4250.0
1929-02-15,-0.58877015,7.8481283,3880.0
1929-03-16,4.113369,19.291443,3630.0
1929-04-16,7.9930487,50.36043,5190.0
1929-05-16,12.291445,97.31552,10300.0
1929-06-16,15.331016,154.45882,20000.0
1929-07-16,17.066309,162.3722,26200.0
1929-08-16,17.03583,103.61417,19200.0
1929-09-16,13.3759365,126.472466,25100.0
1929-10-16,8.522192,58.67407,17100.0
1929-11-16,2.4885025,18.844921,10300.0
1929-12-16,-1.2989306,7.4499993,5800.0
1930-01-16,-4.12861,7.7296796,4390.0
1930-02-15,0.30962572,7.655348,4370.0
1930-03-16,3.0470583,41.52781,5460.0
1930-04-16,8.496792,51.80749,8790.0
1930-05-16,12.456416,64.65375,9960.0
1930-06-16,14.652942,139.58156,22900.0
1930-07-16,18.081818,93.17433,18200.0
1930-08-16,16.736095,140.84999,21100.0
1930-09-16,13.20321,131.90321,31500.0
1930-10-16,8.100802,54.17941,18800.0
1930-11-16,3.1302137,26.26417,10400.0
1930-12-16,-0.58636343,5.937433,6470.0
1931-01-16,-1.9318185,3.7708557,4120.0
1931-02-15,-0.46925133,10.930214,3590.0
1931-03-16,4.2435827,20.633692,3980.0
1931-04-16,9.024331,56.890373,4760.0
1931-05-16,12.425134,82.4861,13400.0
1931-06-16,15.21016,124.07513,18700.0
1931-07-16,16.419252,163.6738,32100.0
1931-08-16,17.300535,145.67969,37700.0
1931-09-16,13.010428,133.56712,27700.0
1931-10-16,8.789305,48.058556,20300.0
1931-11-16,3.1786098,22.149466,9680.0
1931-12-16,-0.73582894,9.892246,5960.0
1932-01-16,-1.819519,7.2713904,4250.0
1932-02-15,-1.976738,17.805614,4550.0
1932-03-16,3.7229948,32.37567,4530.0
1932-04-16,8.559893,42.77674,5320.0
1932-05-16,12.799199,85.58263,11400.0
1932-06-16,15.203209,159.71526,16800.0
1932-07-16,17.416576,149.62247,26200.0
1932-08-16,16.971123,158.83797,25300.0
1932-09-16,13.183155,148.57486,34100.0
1932-10-16,8.406685,73.890915,22700.0
1932-11-16,3.6959898,21.535295,11700.0
1932-12-16,-1.1141714,8.59492,6040.0
1933-01-16,-3.6288772,7.6080213,4420.0
1933-02-15,0.35882348,9.164973,4100.0
1933-03-16,4.277807,17.517113,3920.0
1933-04-16,8.591177,30.40107,5160.0
1933-05-16,12.231819,116.54947,13600.0
1933-06-16,15.416043,145.79893,28000.0
1933-07-16,17.341713,135.63182,28000.0
1933-08-16,17.544653,113.51044,18500.0
1933-09-16,14.410428,115.79011,15400.0
1933-10-16,8.453477,96.17085,24800.0
1933-11-16,3.2521386,21.880749,10900.0
1933-12-16,0.2090909,12.813102,6640.0
1934-01-16,-3.5350268,12.908022,4440.0
1934-02-15,0.04946512,16.368448,3980.0
1934-03-16,3.7756686,25.688772,5430.0
1934-04-16,7.6898394,46.413906,6870.0
1934-05-16,12.859092,96.8369,13800.0
1934-06-16,14.847327,157.48074,17600.0
1934-07-16,17.522194,159.22327,31000.0
1934-08-16,16.692513,128.27861,33800.0
1934-09-16,14.1042795,110.35856,29200.0
1934-10-16,7.81123,69.125404,19600.0
1934-11-16,1.8213903,29.88021,12300.0
1934-12-16,-0.21042772,8.016578,5800.0
1935-01-16,-2.5997324,5.257487,4070.0
1935-02-15,0.3414439,19.44599,4020.0
1935-03-16,5.2168455,23.92059,4960.0
1935-04-16,7.877807,45.19091,4990.0
1935-05-16,12.343049,95.56979,10500.0
1935-06-16,15.100801,149.9147,20200.0
1935-07-16,17.299734,126.73449,29500.0
1935-08-16,16.854813,119.49706,21600.0
1935-09-16,13.714706,121.62862,32500.0
1935-10-16,10.118182,60.7238,23700.0
1935-11-16,3.3526738,25.39251,12000.0
1935-12-16,-2.4360964,7.588503,7110.0
1936-01-16,-3.7537432,10.11417,4280.0
1936-02-15,-0.6494653,11.113369,3940.0
1936-03-16,1.9542781,23.683155,3810.0
1936-04-16,8.438503,48.73984,6930.0
1936-05-16,11.858289,79.27434,11600.0
1936-06-16,15.151871,102.58849,10100.0
1936-07-16,17.103745,153.75536,16800.0
1936-08-16,16.174332,168.09679,34000.0
1936-09-16,13.644654,77.23289,21600.0
1936-10-16,8.741979,41.877007,10600.0
1936-11-16,3.5620322,13.47754,6370.0
1936-12-16,-1.7395723,8.498396,4220.0
1937-01-16,-2.7181818,8.902674,3380.0
1937-02-15,0.3863635,13.104546,3200.0
1937-03-16,4.1874332,15.075669,3070.0
1937-04-16,8.762567,32.81123,3680.0
1937-05-16,12.391711,101.6639,7850.0
1937-06-16,14.711765,140.8059,18800.0
1937-07-16,16.888235,170.88905,30900.0
1937-08-16,16.964706,180.35857,32800.0
1937-09-16,13.645991,116.866585,39200.0
1937-10-16,9.256684,45.12594,23800.0
1937-11-16,1.918449,13.022193,10700.0
1937-12-16,-0.4155082,11.181551,6180.0
1938-01-16,-2.597059,7.248663,4270.0
1938-02-15,-0.63609624,9.250803,4040.0
1938-03-16,3.4387703,29.877005,4850.0
1938-04-16,9.2168455,49.59679,8970.0
1938-05-16,12.865776,95.041985,9480.0
1938-06-16,14.610695,154.74545,26100.0
1938-07-16,16.998663,159.56818,40400.0
1938-08-16,16.958021,160.4393,26300.0
1938-09-16,13.416844,120.95321,42900.0
1938-10-16,9.447594,70.303474,24200.0
1938-11-16,3.0962567,17.049732,10600.0
1938-12-16,-0.30802143,6.894385,6360.0
1939-01-16,-1.5786097,4.2502675,4330.0
1939-02-15,0.49358305,16.04599,4320.0
1939-03-16,4.2524066,13.689839,4600.0
1939-04-16,6.9096255,51.600803,6620.0
1939-05-16,12.585562,87.17968,10600.0
1939-06-16,14.685829,110.2853,18000.0
1939-07-16,16.957754,170.97969,31000.0
1939-08-16,17.195187,102.713905,28400.0
1939-09-16,13.453476,93.01738,18800.0
1939-10-16,9.342246,40.822197,16800.0
1939-11-16,3.031551,19.528343,8970.0
1939-12-16,-1.0,6.5537434,5340.0
1940-01-16,-1.5256685,3.7248666,3790.0
1940-02-15,0.47566852,18.712835,3490.0
1940-03-16,3.0144382,41.44572,4600.0
1940-04-16,7.4930487,32.47353,6000.0
1940-05-16,11.7152405,97.77086,10300.0
1940-06-16,15.422194,88.42969,12300.0
1940-07-16,17.352406,145.91017,21100.0
1940-08-16,16.00829,159.87462,30400.0
1940-09-16,13.437166,107.39492,33200.0
1940-10-16,9.629679,58.195457,20600.0
1940-11-16,2.8697863,22.61631,9430.0
1940-12-16,0.51711255,7.890108,5690.0
1941-01-16,-1.110428,3.0401073,3950.0
1941-02-15,0.6508024,11.700001,3250.0
1941-03-16,4.758021,26.405083,4010.0
1941-04-16,9.036364,44.435833,4760.0
1941-05-16,12.336365,74.5853,9870.0
1941-06-16,15.389037,127.64224,12800.0
1941-07-16,17.79278,172.93262,22200.0
1941-08-16,16.94385,157.25374,33800.0
1941-09-16,13.216846,115.10989,32500.0
1941-10-16,9.450536,55.596794,14900.0
1941-11-16,2.7989302,24.039572,9690.0
1941-12-16,0.23368974,15.371657,6170.0
1942-01-16,-1.0911762,3.9631014,5020.0
1942-02-15,-0.1032087,7.3697863,3480.0
1942-03-16,5.46738,27.992245,4280.0
1942-04-16,8.633958,48.978073,6350.0
1942-05-16,12.174332,88.18824,9330.0
1942-06-16,15.3048115,121.318985,16200.0
1942-07-16,17.685026,137.41792,18800.0
1942-08-16,16.721123,105.350006,20700.0
1942-09-16,13.754012,86.835556,15600.0
1942-10-16,9.723797,51.577007,13600.0
1942-11-16,4.2508025,20.544117,8330.0
1942-12-16,-1.2240641,7.2221923,5080.0
1943-01-16,-2.5655081,8.055614,3650.0
1943-02-15,-0.3724599,10.141443,3530.0
1943-03-16,4.240909,25.041178,4860.0
1943-04-16,7.8540106,40.723526,6510.0
1943-05-16,12.778878,62.80535,12600.0
1943-06-16,14.976205,135.83102,13800.0
1943-07-16,17.267916,109.51123,26900.0
1943-08-16,16.787434,157.08797,21400.0
1943-09-16,13.7390375,121.12781,23200.0
1943-10-16,8.841444,58.89813,20000.0
1943-11-16,3.4609623,12.766044,9410.0
1943-12-16,-0.25775433,5.3016047,5040.0
1944-01-16,-2.037701,13.07246,4220.0
1944-02-15,-0.8243315,10.0112295,4740.0
1944-03-16,4.7379684,19.866846,3910.0
1944-04-16,8.103744,42.38476,5570.0
1944-05-16,11.771123,74.410164,9180.0
1944-06-16,14.867379,149.49387,17100.0
1944-07-16,17.529411,165.91096,27300.0
1944-08-16,16.694117,114.86818,16400.0
1944-09-16,13.714439,148.38475,28500.0
1944-10-16,8.532887,92.94011,23600.0
1944-11-16,3.221123,16.73289,12600.0
1944-12-16,-3.0211232,6.510962,5760.0
1945-01-16,-2.600535,6.2548122,4200.0
1945-02-15,-3.0508025,13.778876,3850.0
1945-03-16,4.02861,18.00722,4080.0
1945-04-16,9.801872,44.863102,5410.0
1945-05-16,12.576203,59.443855,7830.0
1945-06-16,16.48583,117.22914,17200.0
1945-07-16,17.544653,180.24089,28200.0
1945-08-16,16.93663,183.81229,38200.0
1945-09-16,14.873797,99.87407,34900.0
1945-10-16,8.698931,42.127007,16700.0
1945-11-16,4.882353,27.54866,10400.0
1945-12-16,-1.0561498,10.72754,6640.0
1946-01-16,-0.3965242,5.3026743,4160.0
1946-02-15,2.2318177,9.231016,3610.0
1946-03-16,3.6323528,21.317648,3530.0
1946-04-16,10.099464,42.53155,4150.0
1946-05-16,12.564171,86.91791,10900.0
1946-06-16,15.593316,151.94814,20400.0
1946-07-16,17.273531,175.25829,34400.0
1946-08-16,17.593582,115.9091,22000.0
1946-09-16,14.496523,109.76551,26700.0
1946-10-16,9.246792,68.10214,17000.0
1946-11-16,4.0066843,30.951605,12400.0
1946-12-16,-0.74625677,4.796524,6020.0
1947-01-16,-1.1868986,6.068984,4100.0
1947-02-15,-0.45962572,9.28262,3680.0
1947-03-16,4.5721927,31.346523,4130.0
1947-04-16,8.355615,53.84198,7440.0
1947-05-16,13.354278,91.23636,12700.0
1947-06-16,14.979948,139.01418,21600.0
1947-07-16,17.58155,200.74065,34300.0
1947-08-16,16.744385,142.55588,37300.0
1947-09-16,14.166041,129.90427,28400.0
1947-10-16,7.7713904,60.477005,18600.0
1947-11-16,3.8398395,15.312567,10200.0
1947-12-16,-0.9085559,8.632621,5830.0
1948-01-16,-1.8847593,8.027005,4270.0
1948-02-15,0.03609634,17.52246,4240.0
1948-03-16,4.22246,32.99599,5460.0
1948-04-16,9.333156,63.82326,8310.0
1948-05-16,11.051336,95.67219,16400.0
1948-06-16,15.192247,149.40482,23400.0
1948-07-16,16.91524,215.00589,39200.0
1948-08-16,16.845722,136.4131,34600.0
1948-09-16,14.417381,123.27595,27300.0
1948-10-16,8.371123,58.379944,21700.0
1948-11-16,2.0639036,19.14091,10400.0
1948-12-16,-0.039572243,8.649465,6720.0
1949-01-16,-2.135829,4.695989,4760.0
1949-02-15,0.6697861,16.174599,4300.0
1949-03-16,3.8403745,22.809092,4670.0
1949-04-16,7.4895725,58.655613,6500.0
1949-05-16,12.527539,90.85429,12900.0
1949-06-16,14.875937,146.5115,25300.0
1949-07-16,16.89171,180.18423,43100.0
1949-08-16,16.080482,140.1976,32600.0
1949-09-16,13.84492,133.56738,34500.0
1949-10-16,9.045455,78.36525,22200.0
1949-11-16,2.7459893,18.762566,11800.0
1949-12-16,-1.7748662,7.9850264,6450.0
1950-01-16,-0.8013368,6.697593,4570.0
1950-02-15,-1.6197863,10.553743,4000.0
1950-03-16,4.266845,16.674332,4200.0
1950-04-16,7.864706,50.513107,6110.0
1950-05-16,12.406953,88.84973,12100.0
1950-06-16,14.016845,130.4412,21800.0
1950-07-16,17.040377,167.96579,34100.0
1950-08-16,15.969252,136.89038,23200.0
1950-09-16,12.640642,127.87407,28000.0
1950-10-16,8.372727,61.3976,20300.0
1950-11-16,2.5034761,13.616845,10600.0
1950-12-16,-2.5032086,7.318182,5740.0
1951-01-16,-2.7617648,5.7877007,3800.0
1951-02-15,-0.554278,9.8294115,3380.0
1951-03-16,2.6644385,20.959091,3590.0
1951-04-16,6.429412,48.120594,5830.0
1951-05-16,12.309627,74.54626,11900.0
1951-06-16,14.98877,129.85562,13200.0
1951-07-16,16.244919,183.40134,32600.0
1951-08-16,16.965508,132.32219,29000.0
1951-09-16,12.804009,112.17674,30300.0
1951-10-16,9.311498,72.51631,18600.0
1951-11-16,2.8569522,28.73984,9510.0
1951-12-16,-0.5516043,7.1088233,5650.0
1952-01-16,-1.8489305,7.2628336,3690.0
1952-02-15,-0.25614992,9.3978615,3280.0
1952-03-16,3.159091,18.12326,3540.0
1952-04-16,9.217916,53.57326,4860.0
1952-05-16,12.379679,120.08343,15900.0
1952-06-16,15.249467,112.64652,14400.0
1952-07-16,17.318985,146.27647,23500.0
1952-08-16,15.072728,216.73396,32200.0
1952-09-16,13.455615,123.78612,38200.0
1952-10-16,7.891711,84.455086,21000.0
1952-11-16,4.0219254,15.675669,11100.0
1952-12-16,-2.1534762,5.3165774,6690.0
1953-01-16,-2.1852944,12.348931,4610.0
1953-02-15,-0.115240574,13.721122,4080.0
1953-03-16,4.7213902,29.977009,4880.0
1953-04-16,7.4780755,46.510696,7440.0
1953-05-16,12.3296795,88.418724,9980.0
1953-06-16,15.160429,128.35695,13700.0
1953-07-16,16.772995,165.29224,28400.0
1953-08-16,17.859894,108.10402,24600.0
1953-09-16,12.720322,113.6885,21900.0
1953-10-16,8.680749,59.593323,16800.0
1953-11-16,3.2189837,11.278878,10200.0
1953-12-16,-0.38689828,12.519518,5620.0
1954-01-16,-2.0927804,8.535027,4430.0
1954-02-15,0.7537434,14.267114,3840.0
1954-03-16,2.86123,24.577806,3810.0
1954-04-16,8.760427,60.95535,9040.0
1954-05-16,11.935829,109.1321,14600.0
1954-06-16,14.931818,155.04439,18500.0
1954-07-16,16.665508,223.7024,43700.0
1954-08-16,15.916578,192.63074,49500.0
1954-09-16,13.735829,120.5623,29400.0
1954-10-16,8.050267,67.455345,22900.0
1954-11-16,4.0462565,14.881819,10900.0
1954-12-16,-3.2732618,13.690375,6700.0
1955-01-16,-4.303743,6.4772725,5000.0
1955-02-15,0.213369,10.725668,4320.0
1955-03-16,4.0446525,32.535294,4190.0
1955-04-16,7.302407,31.247595,5050.0
1955-05-16,11.907486,59.950535,7100.0
1955-06-16,14.359357,142.74252,19600.0
1955-07-16,16.467916,190.63129,33300.0
1955-08-16,16.05,141.44331,35100.0
1955-09-16,14.079144,102.60589,22700.0
1955-10-16,8.871657,67.40616,17200.0
1955-11-16,2.1347592,33.07754,13600.0
1955-12-16,-0.55721897,5.5278077,5990.0
1956-01-16,-3.943048,11.971659,4110.0
1956-02-15,-0.36818185,6.7537436,3400.0
1956-03-16,3.912567,26.755081,3770.0
1956-04-16,9.20107,49.96711,5770.0
1956-05-16,11.237166,104.94894,12000.0
1956-06-16,15.265509,157.3337,23100.0
1956-07-16,16.127005,139.48636,27600.0
1956-08-16,15.346792,170.32167,25900.0
1956-09-16,13.110161,92.9869,26400.0
1956-10-16,7.8681817,66.63609,11700.0
1956-11-16,1.5425136,23.145725,8340.0
1956-12-16,-2.2762034,8.959091,5230.0
1957-01-16,-2.304813,14.728342,4510.0
1957-02-15,-2.9435825,17.417915,4080.0
1957-03-16,3.148663,24.459091,4570.0
1957-04-16,8.0109625,50.6147,6670.0
1957-05-16,10.731283,101.47487,12700.0
1957-06-16,13.889571,124.47513,17000.0
1957-07-16,16.840643,194.95052,35800.0
1957-08-16,16.129145,106.46311,28900.0
1957-09-16,12.556952,110.55749,14800.0
1957-10-16,7.063102,57.18931,17900.0
1957-11-16,3.613369,22.357218,8430.0
1957-12-16,-0.43342224,11.130215,7040.0
1958-01-16,-2.4786093,9.6700535,4010.0
1958-02-15,-1.9109629,13.149734,3620.0
1958-03-16,4.8628345,13.661766,3480.0
1958-04-16,9.562834,47.285835,4880.0
1958-05-16,11.788772,74.669525,10600.0
1958-06-16,15.045187,139.91124,12500.0
1958-07-16,17.266043,170.2345,29000.0
1958-08-16,15.576203,172.68048,33600.0
1958-09-16,13.447594,83.89412,24300.0
1958-10-16,8.141444,59.891983,16300.0
1958-11-16,3.7074866,15.095454,8900.0
1958-12-16,-0.10454531,13.309893,5520.0
1959-01-16,-2.769251,11.918984,3980.0
1959-02-15,-1.6326205,22.85936,3790.0
1959-03-16,3.6606956,27.148663,5300.0
1959-04-16,8.84599,36.10535,6650.0
1959-05-16,10.927005,99.17434,11400.0
1959-06-16,14.518183,141.46016,17400.0
1959-07-16,17.612568,128.66124,22500.0
1959-08-16,16.619787,130.72353,27600.0
1959-09-16,12.395988,104.72272,13600.0
1959-10-16,8.441177,66.08743,12000.0
1959-11-16,2.9938502,17.445456,8940.0
1959-12-16,-0.6481284,10.813637,5580.0
1960-01-16,-2.7090914,3.7096257,3550.0
1960-02-15,0.87299484,18.825668,3250.0
1960-03-16,4.981551,20.85508,3750.0
1960-04-16,7.609893,31.662836,4380.0
1960-05-16,11.783156,79.22407,6770.0
1960-06-16,15.07647,140.90399,17000.0
1960-07-16,16.75615,178.86177,28700.0
1960-08-16,16.2,119.38476,29800.0
1960-09-16,13.862033,111.40294,25200.0
1960-10-16,7.6839576,58.101875,16100.0
1960-11-16,3.1796794,21.682354,9160.0
1960-12-16,-1.124599,6.695187,4940.0
1961-01-16,-2.2171123,7.6898394,3910.0
1961-02-15,-1.1216581,15.999732,3410.0
1961-03-16,3.0219252,36.42005,5600.0
1961-04-16,8.536899,55.640373,7600.0
1961-05-16,11.442247,82.92888,9820.0
1961-06-16,15.670588,130.24812,15000.0
1961-07-16,17.30107,150.88557,34600.0
1961-08-16,16.77861,160.47006,29000.0
1961-09-16,13.14064,91.77326,18200.0
1961-10-16,9.292514,79.12086,18800.0
1961-11-16,2.5930483,33.851334,13500.0
1961-12-16,-2.2283423,12.25508,6960.0
1962-01-16,-4.0909085,11.400001,4630.0
1962-02-15,-0.35721928,10.064439,3980.0
1962-03-16,2.5374331,20.745188,3850.0
1962-04-16,7.8216577,38.537968,5480.0
1962-05-16,11.476204,90.65081,10500.0
1962-06-16,14.660695,152.33075,19200.0
1962-07-16,17.15294,163.0444,32500.0
1962-08-16,15.774599,177.4714,37800.0
1962-09-16,13.484492,83.07941,24500.0
1962-10-16,8.499733,57.106686,16300.0
1962-11-16,2.500535,15.28369,11000.0
1962-12-16,-1.4705882,8.588771,6050.0
1963-01-16,-4.3834224,3.2264707,3910.0
1963-02-15,-1.357219,9.227273,3150.0
1963-03-16,3.5069518,17.758823,3410.0
1963-04-16,8.314439,51.022194,5290.0
1963-05-16,12.912568,104.54439,16600.0
1963-06-16,14.37139,116.35722,14600.0
1963-07-16,16.568449,161.29652,28900.0
1963-08-16,16.65909,147.03691,26400.0
1963-09-16,14.361232,116.16044,29100.0
1963-10-16,7.7264705,82.89867,20700.0
1963-11-16,2.6580215,37.09545,12200.0
1963-12-16,-1.8387699,9.984759,6820.0
1964-01-16,-2.8569515,9.105615,4990.0
1964-02-15,-2.3320858,12.545188,4230.0
1964-03-16,3.7526739,21.600803,4990.0
1964-04-16,9.650536,64.86953,8740.0
1964-05-16,11.774064,78.367645,15300.0
1964-06-16,13.947327,160.57434,20600.0
1964-07-16,16.770323,133.71657,29700.0
1964-08-16,16.211231,149.6139,25600.0
1964-09-16,13.538504,145.14359,38000.0
1964-10-16,9.570054,70.541176,26600.0
1964-11-16,3.0347593,13.774599,12200.0
1964-12-16,-1.6502671,12.354546,6170.0
1965-01-16,-1.9098932,11.085829,4960.0
1965-02-15,-0.15935805,8.149734,4190.0
1965-03-16,2.4366307,21.499197,4070.0
1965-04-16,8.055882,54.01551,6350.0
1965-05-16,12.00909,77.08289,10000.0
1965-06-16,13.985027,162.3433,20000.0
1965-07-16,16.451336,166.01898,36700.0
1965-08-16,15.197058,168.6353,26800.0
1965-09-16,12.564707,119.60055,31800.0
1965-10-16,8.355348,82.08502,24100.0
1965-11-16,2.4796796,17.971123,10800.0
1965-12-16,-2.0165772,17.631283,6610.0
1966-01-16,-1.528877,4.7860966,4350.0
1966-02-15,1.0735294,11.54893,3860.0
1966-03-16,5.0895724,12.114707,3440.0
1966-04-16,8.437968,37.45936,4400.0
1966-05-16,11.923531,92.55615,7890.0
1966-06-16,14.327004,113.53343,14500.0
1966-07-16,16.99278,160.41925,24800.0
1966-08-16,16.72968,181.26018,29600.0
1966-09-16,12.282353,104.87647,35200.0
1966-10-16,7.6318183,61.824333,19400.0
1966-11-16,2.7339573,12.517914,9800.0
1966-12-16,-1.1163104,7.5254016,5580.0
1967-01-16,-3.0272727,6.4315505,4130.0
1967-02-15,-1.7540107,19.507753,4050.0
1967-03-16,3.024064,32.29893,5850.0
1967-04-16,7.0318184,41.310966,6110.0
1967-05-16,12.515242,111.85589,17300.0
1967-06-16,14.413637,159.8056,24300.0
1967-07-16,16.780214,139.18556,27200.0
1967-08-16,17.107487,128.18958,22400.0
1967-09-16,12.740642,134.65588,23200.0
1967-10-16,7.639571,61.12995,18100.0
1967-11-16,1.250535,31.164974,11000.0
1967-12-16,-2.9374335,7.1823535,6840.0
1968-01-16,-2.885294,9.835562,4300.0
1968-02-15,-3.4152408,15.458288,3740.0
1968-03-16,3.5513368,30.924063,5880.0
1968-04-16,6.85508,60.6583,10500.0
1968-05-16,11.550803,91.47888,14300.0
1968-06-16,14.108824,127.91498,16100.0
1968-07-16,16.144117,180.5492,36400.0
1968-08-16,15.566845,170.69652,31000.0
1968-09-16,13.382621,140.66122,35200.0
1968-10-16,7.6871657,45.524868,21200.0
1968-11-16,3.6489308,21.799467,10400.0
1968-12-16,0.8232621,6.7032084,6050.0
1969-01-16,-2.2002676,8.574867,4280.0
1969-02-15,-0.98930484,2.7561495,3610.0
1969-03-16,4.6270056,19.762568,3470.0
1969-04-16,8.580482,39.28797,5610.0
1969-05-16,13.750803,68.09973,7650.0
1969-06-16,14.333422,126.24279,9620.0
1969-07-16,16.859627,173.91524,26800.0
1969-08-16,16.115509,125.5861,19800.0
1969-09-16,13.382087,122.933426,25300.0
1969-10-16,8.854813,64.44946,16800.0
1969-11-16,1.9649732,29.074867,10800.0
1969-12-16,-1.4347595,3.9967916,5050.0
1970-01-16,-3.202941,9.652942,3660.0
1970-02-15,-0.36042815,11.3283415,3370.0
1970-03-16,1.9609627,31.065508,3860.0
1970-04-16,6.970855,53.453747,7290.0
1970-05-16,12.05,99.30026,15900.0
1970-06-16,13.863369,100.90588,15200.0
1970-07-16,16.779947,212.49466,27800.0
1970-08-16,16.616312,110.24759,27200.0
1970-09-16,13.155082,122.00615,20000.0
1970-10-16,7.889305,53.183422,18900.0
1970-11-16,2.3877006,22.590107,9090.0
1970-12-16,-0.59144384,14.356417,6540.0
1971-01-16,-3.267915,13.63984,4620.0
1971-02-15,-1.3660429,10.341711,4540.0
1971-03-16,3.8866305,16.690105,4170.0
1971-04-16,8.582353,41.655613,6800.0
1971-05-16,11.370856,92.467384,11000.0
1971-06-16,14.471927,150.11177,20800.0
1971-07-16,17.255615,117.95775,20400.0
1971-08-16,16.19278,133.25989,21700.0
1971-09-16,13.187701,117.002144,19900.0
1971-10-16,7.8612304,66.94545,18500.0
1971-11-16,2.1184492,19.21738,10300.0
1971-12-16,-1.8577539,8.396524,4920.0
1972-01-16,-1.2657753,5.760696,3900.0
1972-02-15,-1.7398396,12.881016,3430.0
1972-03-16,5.044118,25.36337,4260.0
1972-04-16,6.9278083,55.716312,6830.0
1972-05-16,12.527273,102.37032,13900.0
1972-06-16,15.233958,115.595726,17700.0
1972-07-16,17.27032,152.92647,24200.0
1972-08-16,17.321123,69.90081,16700.0
1972-09-16,12.414172,113.73236,17300.0
1972-10-16,8.110428,51.07112,13500.0
1972-11-16,2.4029415,28.210964,8970.0
1972-12-16,-0.98582894,8.604546,4480.0
1973-01-16,-1.8695189,9.386898,3650.0
1973-02-15,1.1641713,11.517915,3600.0
1973-03-16,4.814974,19.50508,3360.0
1973-04-16,9.060428,68.869255,6970.0
1973-05-16,11.892514,97.316315,12500.0
1973-06-16,14.172728,171.47943,23600.0
1973-07-16,16.390642,159.21791,26100.0
1973-08-16,16.494118,122.34199,19300.0
1973-09-16,13.255881,145.86418,30600.0
1973-10-16,8.199466,55.290905,19000.0
1973-11-16,2.5911765,25.293316,8420.0
1973-12-16,-1.5826205,8.644651,5280.0
1974-01-16,-2.7032084,7.409893,3730.0
1974-02-15,-0.7200538,6.2029414,3470.0
1974-03-16,2.7874331,28.13075,3630.0
1974-04-16,8.499999,62.757755,7270.0
1974-05-16,12.255881,107.320335,14400.0
1974-06-16,14.594117,155.46497,15700.0
1974-07-16,16.210964,146.85294,31900.0
1974-08-16,15.549465,185.00803,37500.0
1974-09-16,12.909359,132.64491,35900.0
1974-10-16,9.265775,53.082085,21100.0
1974-11-16,3.7457223,13.458288,9000.0
1974-12-16,-1.7331549,9.229412,5970.0
1975-01-16,-2.647861,9.722727,4590.0
1975-02-15,-0.18983941,11.82754,3950.0
1975-03-16,4.2208557,16.199198,3990.0
1975-04-16,8.17968,59.284225,6220.0
1975-05-16,11.076469,83.342514,12700.0
1975-06-16,15.005349,135.76953,20000.0
1975-07-16,16.553743,148.86899,25500.0
1975-08-16,16.801872,112.19385,22200.0
1975-09-16,14.085563,138.77325,23100.0
1975-10-16,9.415508,75.12219,22600.0
1975-11-16,2.4050803,29.253742,12300.0
1975-12-16,-3.2631016,8.030748,5970.0
1976-01-16,-2.8336897,8.268717,3660.0
1976-02-15,0.6245989,13.990374,3500.0
1976-03-16,2.758289,25.363636,4110.0
1976-04-16,7.37647,41.97059,5700.0
1976-05-16,11.434223,102.05481,13400.0
1976-06-16,14.091444,138.49359,19400.0
1976-07-16,15.332888,143.24707,32200.0
1976-08-16,15.777005,133.57407,19000.0
1976-09-16,12.595455,103.49145,20700.0
1976-10-16,8.322728,67.75241,17600.0
1976-11-16,1.9804811,23.250801,9900.0
1976-12-16,-1.01123,7.9350266,5420.0
1977-01-16,-3.3604279,9.538236,4020.0
1977-02-15,-2.06123,16.36952,4000.0
1977-03-16,3.864706,31.406149,5220.0
1977-04-16,8.050267,70.470856,11800.0
1977-05-16,10.950535,83.28129,13600.0
1977-06-16,14.233423,110.319244,21600.0
1977-07-16,16.843851,177.70695,26600.0
1977-08-16,16.098663,119.71124,23400.0
1977-09-16,13.718182,95.463905,18200.0
1977-10-16,8.395188,72.79759,15400.0
1977-11-16,2.311765,26.799465,10900.0
1977-12-16,-0.7342247,10.96845,5540.0
1978-01-16,-3.6622996,9.253475,4230.0
1978-02-15,-0.9208557,8.356418,3290.0
1978-03-16,3.6045458,20.896791,3080.0
1978-04-16,8.295188,40.077007,5000.0
1978-05-16,11.955081,126.189575,10500.0
1978-06-16,14.548396,138.00882,24300.0
1978-07-16,16.791712,147.91656,25300.0
1978-08-16,16.689037,97.01952,23700.0
1978-09-16,12.807487,110.55189,20500.0
1978-10-16,8.5564165,54.794117,13000.0
1978-11-16,2.815775,36.128613,9450.0
1978-12-16,-0.27299464,3.3192513,5540.0
1979-01-16,-1.371123,7.7481284,3630.0
1979-02-15,0.74278086,10.858023,3160.0
1979-03-16,3.1895719,19.601337,3060.0
1979-04-16,8.952139,39.54519,3720.0
1979-05-16,12.141711,54.42032,8570.0
1979-06-16,14.97968,132.12541,12600.0
1979-07-16,16.277006,166.8056,20700.0
1979-08-16,16.549465,159.28769,27300.0
1979-09-16,12.183156,133.72514,36300.0
1979-10-16,8.160161,61.580215,18500.0
1979-11-16,2.6000001,14.089037,8060.0
1979-12-16,-0.32860973,18.736631,5130.0
1980-01-16,-2.6417112,8.037968,4210.0
1980-02-15,-1.0877007,8.983957,3720.0
1980-03-16,3.6393046,21.785294,3990.0
1980-04-16,8.317113,42.069515,6090.0
1980-05-16,12.03583,92.19064,9160.0
1980-06-16,14.747594,138.80293,19500.0
1980-07-16,16.41123,164.43985,26100.0
1980-08-16,15.420321,194.50748,35100.0
1980-09-16,12.740374,104.93422,25600.0
1980-10-16,8.302673,88.0369,25400.0
1980-11-16,4.545989,18.327005,10000.0
1980-12-16,-0.5288772,6.390107,6190.0
1981-01-16,-2.4486632,9.4668455,4250.0
1981-02-15,0.5951871,11.775133,3860.0
1981-03-16,4.407754,26.122728,3690.0
1981-04-16,8.341444,47.31765,6190.0
1981-05-16,11.535828,97.8524,9490.0
1981-06-16,15.343584,141.97112,17500.0
1981-07-16,17.349197,168.27434,36700.0
1981-08-16,17.32273,165.4583,28600.0
1981-09-16,13.360695,107.17941,29400.0
1981-10-16,8.101069,32.734493,14700.0
1981-11-16,2.2061496,19.531282,7830.0
1981-12-16,-2.1478615,8.83877,5220.0
1982-01-16,-1.056417,5.9093585,3800.0
1982-02-15,-1.062032,15.29385,3920.0
1982-03-16,3.9697864,16.16845,4200.0
1982-04-16,6.607754,60.25695,5510.0
1982-05-16,12.142246,68.395454,8930.0
1982-06-16,13.966578,138.98956,17300.0
1982-07-16,16.57139,177.00482,32800.0
1982-08-16,16.313637,124.247856,25100.0
1982-09-16,12.897861,146.43556,30800.0
1982-10-16,9.446793,53.427536,19600.0
1982-11-16,3.0946524,26.877539,11100.0
1982-12-16,-2.6181817,11.621657,6670.0
1983-01-16,-4.046524,16.90214,4650.0
1983-02-15,-2.2930484,15.389573,4250.0
1983-03-16,2.0350268,27.7254,4720.0
1983-04-16,7.311765,46.410965,7830.0
1983-05-16,12.321122,85.693855,12000.0
1983-06-16,14.569786,137.11096,19100.0
1983-07-16,16.539038,185.72649,30900.0
1983-08-16,15.832086,156.70215,34200.0
1983-09-16,13.856952,124.99572,27800.0
1983-10-16,9.31337,69.406685,20100.0
1983-11-16,3.2259355,22.690374,9370.0
1983-12-16,-1.4858288,12.545721,5290.0
1984-01-16,-3.663369,9.37139,4140.0
1984-02-15,-0.37459904,4.2799473,3560.0
1984-03-16,4.0048127,15.923797,4310.0
1984-04-16,8.792513,42.585827,5190.0
1984-05-16,11.39893,124.47487,11900.0
1984-06-16,15.050536,138.0623,21700.0
1984-07-16,16.30615,202.59732,38700.0
1984-08-16,15.71631,139.86363,26900.0
1984-09-16,12.670588,96.93021,24700.0
1984-10-16,8.476471,46.6877,17200.0
1984-11-16,3.4708555,11.064171,7240.0
1984-12-16,-1.0612301,11.697326,5250.0
1985-01-16,-2.4053473,7.511765,3460.0
1985-02-15,-0.8569522,11.519518,3770.0
1985-03-16,2.4885027,31.253742,4260.0
1985-04-16,7.9532084,53.198128,8560.0
1985-05-16,12.644652,100.88182,12600.0
1985-06-16,14.255881,154.75403,18500.0
1985-07-16,16.023796,167.4845,34100.0
1985-08-16,17.165241,138.76872,23000.0
1985-09-16,12.50909,129.40616,30600.0
1985-10-16,8.3748665,46.07353,16700.0
1985-11-16,2.2529414,19.47246,10900.0
1985-12-16,-1.628877,9.504546,5900.0
1986-01-16,-2.3491976,5.0791445,4140.0
1986-02-15,-0.9716578,12.197863,3740.0
1986-03-16,3.13877,19.750269,4210.0
1986-04-16,7.6914434,43.713905,5010.0
1986-05-16,12.497862,68.57808,9390.0
1986-06-16,15.125669,130.06845,16700.0
1986-07-16,16.4492,173.296,26900.0
1986-08-16,15.923799,127.19761,17600.0
1986-09-16,12.479145,110.5131,25900.0
1986-10-16,7.4895725,57.06016,16300.0
1986-11-16,2.7090912,23.072994,9000.0
1986-12-16,-0.0125669185,5.469519,5710.0
1987-01-16,-1.0163102,8.67353,
1987-02-15,1.7649732,9.107487,
1987-03-16,4.3427806,19.149466,
1987-04-16,8.253208,39.542515,
1987-05-16,12.219252,75.2492,
1987-06-16,15.236631,142.57567,
1987-07-16,16.537434,173.42754,
1987-08-16,15.939573,149.00294,
1987-09-16,12.96738,118.61524,
1987-10-16,9.046257,48.83129,
1987-11-16,3.840909,21.551338,
1987-12-16,-1.4366312,7.9927816,
1988-01-16,-1.5168451,7.890642,
1988-02-15,0.059893012,13.58476,
1988-03-16,2.7302139,23.498396,
1988-04-16,7.847594,34.414974,
1988-05-16,12.448932,90.89145,
1988-06-16,15.487969,104.48262,
1988-07-16,17.199198,165.75615,
1988-08-16,16.139305,151.41927,
1988-09-16,12.80508,136.46712,
1988-10-16,9.19492,51.33289,
1988-11-16,3.4946525,13.475134,
1988-12-16,0.31497326,6.6681824,
1989-01-16,-2.7885025,12.54599,
1989-02-15,-0.8371657,16.3877,
1989-03-16,3.464973,26.0254,
1989-04-16,7.548663,62.83423,
1989-05-16,11.899733,78.33797,
1989-06-16,14.954813,147.41096,
1989-07-16,16.665775,159.69199,
1989-08-16,16.125937,143.17194,
1989-09-16,13.978343,103.186905,
1989-10-16,9.082621,75.87139,
1989-11-16,2.987968,25.806684,
1989-12-16,-1.2673795,14.514171,
1990-01-16,-1.2545457,8.96631,
1990-02-15,-0.17433167,14.35936,
1990-03-16,3.5430481,30.86979,
1990-04-16,7.217112,53.751072,
1990-05-16,11.0342245,110.3484,
1990-06-16,14.587434,158.60188,
1990-07-16,16.70909,152.18822,
1990-08-16,16.538504,104.86871,
1990-09-16,13.483689,113.2754,
1990-10-16,8.325401,71.85214,
1990-11-16,4.469251,23.320053,
1990-12-16,-0.043583058,4.298663,
1991-01-16,-2.8066843,16.926472,
1991-02-15,0.7986632,9.917379,
1991-03-16,4.0895724,23.885027,
1991-04-16,7.7558823,38.856686,
1991-05-16,11.727005,84.041176,
1991-06-16,15.328343,145.49144,
1991-07-16,16.896524,163.28984,
1991-08-16,15.897326,148.91124,
1991-09-16,12.981016,107.55053,
1991-10-16,8.27246,49.913372,
1991-11-16,2.4831548,22.730478,
1991-12-16,-1.098663,12.152942,
1992-01-16,-3.174866,10.09492,
1992-02-15,-1.9877006,18.096525,
1992-03-16,2.9828877,35.633156,
1992-04-16,8.8759365,47.997066,
1992-05-16,11.617113,97.80802,
1992-06-16,14.490108,145.97781,
1992-07-16,15.6708555,143.36818,
1992-08-16,16.290108,109.87834,
1992-09-16,13.536097,80.065506,
1992-10-16,7.11631,65.94038,
1992-11-16,2.1339574,12.143048,
1992-12-16,-1.0342245,6.6740646,
1993-01-16,-3.9085562,15.896523,
1993-02-15,0.84385,24.129147,
1993-03-16,3.6232624,25.558558,
1993-04-16,8.229679,40.004814,
1993-05-16,11.274867,82.380486,
1993-06-16,14.636899,132.21043,
1993-07-16,16.27032,177.00134,
1993-08-16,15.341977,200.75668,
1993-09-16,12.683423,105.746796,
1993-10-16,7.67861,61.20482,
1993-11-16,3.3304815,20.939571,
1993-12-16,-1.0221926,6.704011,
1994-01-16,-1.1564171,7.7756686,
1994-02-15,0.043582935,10.241712,
1994-03-16,2.3727274,32.425133,
1994-04-16,8.957754,44.900536,
1994-05-16,12.928342,64.979416,
1994-06-16,14.467113,155.58745,
1994-07-16,16.626202,114.3837,
1994-08-16,17.00829,106.517654,
1994-09-16,13.459091,109.2369,
1994-10-16,7.636898,64.88663,
1994-11-16,3.9443853,31.02781,
1994-12-16,-0.4069516,15.337966,
1995-01-16,-3.1181817,11.241445,
1995-02-15,-1.3855616,18.457487,
1995-03-16,3.5117648,19.09813,
1995-04-16,7.729412,35.726204,
1995-05-16,13.004812,76.19251,
1995-06-16,15.573797,142.94412,
1995-07-16,16.492514,170.70721,
1995-08-16,15.912032,145.13985,
1995-09-16,13.683155,110.91043,
1995-10-16,8.860696,62.47915,
1995-11-16,3.127005,24.248663,
1995-12-16,-1.4187167,10.230749,
1996-01-16,-3.0483956,9.349999,
1996-02-15,-0.7858289,11.249734,
1996-03-16,3.5393047,35.21952,
1996-04-16,7.3393054,38.956417,
1996-05-16,11.463903,90.4794,
1996-06-16,14.687167,123.121124,
1996-07-16,16.45615,202.81657,
1996-08-16,16.676472,119.06898,
1996-09-16,12.979145,92.98609,
1996-10-16,8.620321,50.108826,
1996-11-16,3.103743,32.766575,
1996-12-16,-0.9946523,2.6328878,
1997-01-16,-2.2540104,11.154546,
1997-02-15,-1.3983954,20.77754,
1997-03-16,4.430749,29.583157,
1997-04-16,7.1355615,57.145992,
1997-05-16,12.435295,75.626205,
1997-06-16,14.189039,137.41844,
1997-07-16,16.22433,165.76337,
1997-08-16,16.86738,80.44439,
1997-09-16,11.986898,110.13317,
1997-10-16,7.683958,47.644917,
1997-11-16,2.7208555,16.530748,
1997-12-16,-1.656952,12.944921,
1998-01-16,-2.3545454,9.966578,
1998-02-15,0.61149746,13.54599,
1998-03-16,3.5254014,25.599466,
1998-04-16,9.93877,53.914978,
1998-05-16,12.894117,94.38958,
1998-06-16,15.349196,152.67995,
1998-07-16,16.858822,215.14786,
1998-08-16,16.25829,212.1254,
1998-09-16,13.893048,77.30241,
1998-10-16,9.585294,59.988506,
1998-11-16,4.695455,18.212835,
1998-12-16,-0.10935791,9.540642,
1999-01-16,-1.3390375,9.27139,
1999-02-15,2.4037433,4.8315506,
1999-03-16,4.559893,18.671926,
1999-04-16,9.62861,58.644924,
1999-05-16,11.566579,106.49626,
1999-06-16,15.310696,158.96579,
1999-07-16,16.224333,181.17409,
1999-08-16,15.924065,146.43262,
1999-09-16,14.013905,91.67352,
1999-10-16,8.725937,74.35401,
1999-11-16,3.3946526,32.402943,
1999-12-16,-1.720321,5.4756684,
2000-01-16,-2.52246,15.202139,
2000-02-15,-1.4366312,11.14893,
2000-03-16,3.466043,26.185297,
2000-04-16,7.7788763,53.141712,
2000-05-16,12.393851,73.56417,
2000-06-16,14.986898,157.75694,
2000-07-16,17.363636,153.56337,
2000-08-16,15.664974,166.40909,
2000-09-16,12.710694,110.08155,
2000-10-16,8.66738,67.288506,
2000-11-16,2.4695187,17.523531,
2000-12-16,-0.5828879,8.197862,
2001-01-16,-1.5371659,8.699466,
2001-02-15,0.85588247,11.047327,
2001-03-16,4.365508,19.259626,
2001-04-16,8.02246,48.73904,
2001-05-16,11.414706,85.7369,
2001-06-16,14.302139,149.20854,
2001-07-16,17.723263,114.927,
2001-08-16,15.880482,154.03477,
2001-09-16,13.702138,107.07807,
2001-10-16,9.217113,73.44813,
2001-11-16,3.5489302,20.707222,
2001-12-16,-1.070321,7.8828874,
2002-01-16,-1.8136365,12.562833,
2002-02-15,1.8962567,9.676204,
2002-03-16,4.7852945,28.653477,
2002-04-16,9.037968,53.462032,
2002-05-16,11.1746,122.24091,
2002-06-16,15.627273,159.46738,
2002-07-16,17.12326,134.84573,
2002-08-16,15.832622,141.24678,
2002-09-16,13.2377,69.64706,
2002-10-16,8.254813,57.648663,
2002-11-16,3.2377002,19.178877,
2002-12-16,-0.4991977,9.832888,
2003-01-16,-1.5885029,7.8074865,
2003-02-15,1.4414439,9.662032,
2003-03-16,4.1419787,16.614172,
2003-04-16,9.213368,46.435833,
2003-05-16,11.90508,95.86713,
2003-06-16,14.577273,159.97539,
2003-07-16,16.900803,154.85081,
2003-08-16,17.024334,151.39305,
2003-09-16,13.656953,108.812836,
2003-10-16,8.810161,48.250805,
2003-11-16,3.6986635,16.683691,
2003-12-16,-0.46016052,15.605615,
2004-01-16,-1.7719253,10.562568,
2004-02-15,0.4248666,13.625402,
2004-03-16,4.808289,29.96417,
2004-04-16,9.041712,55.471664,
2004-05-16,11.8518715,113.85294,
2004-06-16,14.289038,135.95026,
2004-07-16,16.21337,164.0853,
2004-08-16,16.420588,124.85215,
2004-09-16,13.242781,117.33207,
2004-10-16,7.7069516,52.414978,
2004-11-16,2.8355618,28.38182,
2004-12-16,-0.34304813,8.940374,
2005-01-16,-1.8371661,10.31337,
2005-02-15,-0.1080215,16.450003,
2005-03-16,3.6791444,34.67193,
2005-04-16,8.943583,46.271656,
2005-05-16,12.566577,83.134224,
2005-06-16,15.573797,121.46336,
2005-07-16,17.383957,169.26096,
2005-08-16,16.096525,172.51178,
2005-09-16,14.332353,84.865776,
2005-10-16,8.512835,68.29893,
2005-11-16,3.734492,17.033422,
2005-12-16,-1.218984,6.742246,
2006-01-16,-0.6622995,5.023529,
2006-02-15,1.1112299,25.4869,
2006-03-16,4.139305,27.949198,
2006-04-16,8.732621,44.981815,
2006-05-16,12.037701,98.687706,
2006-06-16,15.258556,123.6837,
2006-07-16,18.040375,120.29305,
2006-08-16,17.542246,74.70401,
2006-09-16,13.491711,100.4444,
2006-10-16,9.411765,72.41898,
2006-11-16,3.898663,22.167112,
2006-12-16,-0.8029412,8.718718,
2007-01-16,-2.2967918,10.724332,
2007-02-15,1.4660428,15.096792,
2007-03-16,4.8719254,17.65615,
2007-04-16,7.9959893,60.58877,
2007-05-16,13.142246,95.85695,
2007-06-16,14.599732,130.2337,
2007-07-16,16.677275,210.67888,
2007-08-16,17.164171,128.95134,
2007-09-16,13.028075,99.99893,
2007-10-16,9.275668,54.767914,
2007-11-16,3.2449198,12.143048,
2007-12-16,0.22860962,8.7601595,
2008-01-16,-2.2283423,13.260161,
2008-02-15,-2.9074867,14.79599,
2008-03-16,4.5425134,36.434757,
2008-04-16,8.52968,48.51417,
2008-05-16,12.701872,102.04947,
2008-06-16,14.679146,130.93103,
2008-07-16,16.798931,156.10402,
2008-08-16,15.594386,174.65749,
2008-09-16,13.9446535,96.12005,
2008-10-16,8.863369,77.5722,
2008-11-16,3.0802138,29.960695,
2008-12-16,-0.16550776,4.4114976,
2009-01-16,-1.6716577,6.8898396,
2009-02-15,2.9360964,8.651604,
2009-03-16,4.68984,22.84492,
2009-04-16,9.0347595,56.60241,
2009-05-16,12.025135,81.74572,
2009-06-16,15.602674,138.4754,
2009-07-16,17.368717,158.85347,
2009-08-16,16.414438,148.83502,
2009-09-16,14.767112,86.14678,
2009-10-16,9.5342245,52.411503,
2009-11-16,2.5259361,15.606685,
2009-12-16,-0.60641724,6.6590915,
2010-01-16,-0.69679123,3.2128341,
2010-02-15,1.534492,5.8270054,
2010-03-16,4.863102,26.982084,
2010-04-16,7.6082892,44.883423,
2010-05-16,12.514975,87.64706,
2010-06-16,14.558289,137.98903,
2010-07-16,17.905346,178.58261,
2010-08-16,17.264706,158.39333,
2010-09-16,14.112031,107.297066,
2010-10-16,8.331017,66.11711,
2010-11-16,3.4767382,19.229414,
2010-12-16,-1.0737966,9.847058,
2011-01-16,-3.8005347,12.427272,
2011-02-15,1.0762033,8.040909,
2011-03-16,2.454813,25.113903,
2011-04-16,8.704546,32.66765,
2011-05-16,12.182621,92.43849,
2011-06-16,15.28583,132.62567,
2011-07-16,17.07139,133.39305,
2011-08-16,16.817915,93.66578,
2011-09-16,13.616578,115.956154,
2011-10-16,8.446792,57.5262,
2011-11-16,4.4967914,29.378878,
2011-12-16,-0.8665776,9.135828,
2012-01-16,-2.9096255,13.00508,
2012-02-15,-0.09224595,8.702407,
2012-03-16,3.6585562,23.503742,
2012-04-16,8.923798,39.7,
2012-05-16,12.983689,99.10669,
2012-06-16,15.039306,143.7393,
2012-07-16,17.07968,200.45029,
2012-08-16,16.957485,122.71578,
2012-09-16,12.787703,126.22808,
2012-10-16,8.393315,50.376472,
2012-11-16,3.0358286,11.291444,
2012-12-16,-0.8871656,5.8949203,
2013-01-16,-2.0794115,4.2655077,
2013-02-15,1.874064,7.1903744,
2013-03-16,5.9842243,22.118986,
2013-04-16,8.474064,51.511234,
2013-05-16,12.21123,119.77995,
2013-06-16,16.097593,140.40189,
2013-07-16,17.66337,165.7535,
2013-08-16,17.450802,104.79385,
2013-09-16,12.746257,120.12807,
2013-10-16,8.499732,58.538506,
2013-11-16,3.097059,18.388771,
2013-12-16,-1.7732619,7.8705883,
2014-01-16,-1.36123,5.0566845,
2014-02-15,-0.09705895,11.874331,
2014-03-16,4.622728,32.016308,
2014-04-16,9.009626,47.952946,
2014-05-16,12.129144,83.03557,
2014-06-16,14.972995,167.87915,
2014-07-16,17.138771,161.09413,
2014-08-16,15.673531,199.15776,
2014-09-16,13.855883,142.94092,
2014-10-16,9.332353,51.149998,
2014-11-16,3.6903746,22.83503,
2014-12-16,-1.2863638,6.8890376,
2015-01-16,-1.5371656,11.183958,
2015-02-15,0.86844933,6.7451878,
2015-03-16,5.4427805,19.930748,
2015-04-16,8.642514,64.332085,
2015-05-16,12.618717,86.882095,
2015-06-16,15.322995,166.76016,
2015-07-16,16.072994,137.55508,
2015-08-16,15.8061495,156.75587,
2015-09-16,13.69893,143.26044,
2015-10-16,9.141711,57.196796,
2015-11-16,4.520054,18.125135,
2015-12-16,-0.9101603,14.005616,
2016-01-16,-2.5957217,11.953207,
2016-02-15,-0.3580213,15.836632,
2016-03-16,4.8318176,30.206417,
2016-04-16,8.987165,67.26818,
2016-05-16,12.098662,101.71818,
2016-06-16,15.364973,172.56178,
2016-07-16,17.440374,144.41739,
2016-08-16,17.784492,89.080475,
2016-09-16,13.470855,114.01096,
2016-10-16,9.727006,60.306953,
2016-11-16,3.821658,30.98262,
2016-12-16,0.69973254,10.389305,
2017-01-16,-0.55882347,7.3778076,
2017-02-15,0.91764706,14.27353,
2017-03-16,3.4574866,46.493847,
2017-04-16,8.467113,62.551872,
2017-05-16,12.018181,82.03529,
2017-06-16,14.473531,173.43208,
2017-07-16,17.65508,125.29813,
2017-08-16,17.278341,160.22433,
2017-09-16,14.236363,133.6984,
2017-10-16,9.109626,89.72834,
2017-11-16,3.4962566,10.962299,
2017-12-16,-0.12566853,3.242781,
2018-01-16,-1.9213907,11.7157755,
2018-02-15,0.17245993,7.145722,
2018-03-16,5.2082887,38.068184,
2018-04-16,9.18369,58.34786,
2018-05-16,12.842514,102.799995,
2018-06-16,15.3740635,145.67809,
2018-07-16,17.788504,181.60857,
2018-08-16,17.245989,119.596245,
2018-09-16,13.558022,145.1559,
2018-10-16,7.4601607,41.33369,
2018-11-16,2.8045452,22.864704,
2018-12-16,-1.1874331,13.111498,
2019-01-16,-1.8532088,9.946256,
2019-02-15,0.6770054,12.361229,
2019-03-16,4.030482,25.207485,
2019-04-16,9.868449,60.0508,
2019-05-16,12.100535,90.85855,
2019-06-16,15.306952,140.82355,
2019-07-16,16.409624,186.4008,
2019-08-16,17.468985,122.588234,
2019-09-16,13.748663,125.98769,
2019-10-16,9.061765,60.850266,
2019-11-16,4.534492,19.978075,
2019-12-16,-1.3374332,9.136898,
2020-01-16,-1.2991978,14.603209,
2020-02-15,0.6342244,14.380481,
2020-03-16,5.227808,25.214973,
2020-04-16,7.4491973,42.257217,
2020-05-16,12.5812845,81.43049,
2020-06-16,15.631552,169.32541,
2020-07-16,16.777006,223.79279,
2020-08-16,17.205614,123.832886,
2020-09-16,13.627541,133.59572,
2020-10-16,8.813102,65.070595,
2020-11-16,4.19492,13.079411,
2020-12-16,-1.1518718,7.740374,
2021-01-16,-1.7970586,7.526204,
2021-02-15,2.11123,14.579412,
2021-03-16,5.7240644,21.80428,
2021-04-16,8.143315,47.051876,
2021-05-16,12.612032,84.5008,
2021-06-16,15.8518715,159.53316,
2021-07-16,17.552675,165.4508,
2021-08-16,16.721123,198.94333,
2021-09-16,14.628343,142.17087,
2021-10-16,9.480749,73.86551,
2021-11-16,2.7425137,18.852942,
2021-12-16,-0.3593584,9.060696,
2022-01-16,-1.7764707,12.981819,
2022-02-15,-2.1120322,20.27754,
2022-03-16,6.609359,33.201607,
2022-04-16,8.44599,76.86123,
2022-05-16,11.518984,111.9746,
2022-06-16,15.397594,169.30133,
2022-07-16,18.31016,133.58636,
2022-08-16,18.097593,83.09705,
2022-09-16,13.859626,108.53476,
2022-10-16,9.258556,47.99786,
2022-11-16,5.032888,9.4660425,
2022-12-16,-1.2192515,7.3778076,
2023-01-16,-1.5577542,4.9264708,
2023-02-15,1.5312835,12.32754,
2023-03-16,5.132353,26.322462,
2023-04-16,9.265509,43.75508,
2023-05-16,12.636364,91.00855,
2023-06-16,15.321391,133.38637,
2023-07-16,17.71043,180.73317,
2023-08-16,17.246792,163.38635,
2023-09-16,14.912031,119.817116,
2023-10-16,9.36524,62.25375,
2023-11-16,4.189038,22.820051,
2023-12-16,0.16149731,9.817647,
2024-01-16,-1.3077538,9.25,
2024-02-15,0.20882326,11.517648,
2024-03-16,5.6606956,23.653208,
2024-04-16,9.849465,64.86284,
2024-05-16,12.63155,83.522736,
2024-06-16,15.071923,165.26097,
2024-07-16,17.990643,174.01953,
2024-08-16,18.42968,69.22112,
2024-09-16,14.937702,89.40909,
2024-10-16,9.484492,55.02941,
2024-11-16,4.5764713,25.26043,
2024-12-16,-0.5283422,7.07754,
